{"stats":{"minecraft:killed":{"alexsmobs:mimic_octopus":1,"born_in_chaos_v1:restless_spirit":1,"minecraft:spider":2,"born_in_chaos_v1:zombie_bruiser":1,"born_in_chaos_v1:maggot":2,"born_in_chaos_v1:baby_spider":1,"minecraft:skeleton":3,"minecraft:chicken":1,"born_in_chaos_v1:fallen_chaos_knight":1,"minecraft:pig":1,"born_in_chaos_v1:baby_skeleton":1,"born_in_chaos_v1:spirit_guide_assistant":1,"minecraft:bat":1,"born_in_chaos_v1:decrepit_skeleton":2,"minecraft:sheep":6,"minecraft:pillager":6,"born_in_chaos_v1:decaying_zombie":1,"minecraft:zombie":4,"born_in_chaos_v1:corpse_fly":1,"minecraft:cow":2},"minecraft:killed_by":{"born_in_chaos_v1:spirit_guide":1,"minecraft:pillager":2,"minecraft:enderman":1,"born_in_chaos_v1:baby_skeleton":1,"born_in_chaos_v1:decaying_zombie":1,"born_in_chaos_v1:decrepit_skeleton":1,"minecraft:zombie":4,"born_in_chaos_v1:dread_hound":1,"born_in_chaos_v1:maggot":1},"minecraft:mined":{"minecraft:granite":5,"minecraft:jungle_log":7,"minecraft:hay_block":2,"aquaculture:tackle_box":1,"minecraft:iron_ore":9,"minecraft:azalea_leaves":1,"minecraft:stone":39,"minecraft:cake":2,"minecraft:crafting_table":4,"minecraft:torch":1,"minecraft:melon":18,"minecraft:dead_bush":9,"minecraft:copper_ore":20,"farmersdelight:wild_tomatoes":16,"minecraft:sugar_cane":7,"minecraft:smooth_sandstone_slab":1,"minecraft:jungle_wood":4,"minecraft:coal_ore":25,"minecraft:oak_log":4,"biomeswevegone:prickly_pear_cactus":1,"pots_and_mimics:treasure_pot":1},"minecraft:used":{"minecraft:zombie_spawn_egg":1,"roe_weapons:dagger_2":396,"minecraft:torch":25,"minecraft:skeleton_spawn_egg":1,"minecraft:jungle_planks":2,"roe_weapons:gauntlet_0":10,"minecraft:wooden_axe":11,"aquaculture:iron_fishing_rod":13,"roe_weapons:bow_2":1,"minecraft:furnace":2,"minecraft:goat_horn":1,"aquaculture:tackle_box":1,"minecraft:glass_bottle":1,"minecraft:stone_pickaxe":87,"minecraft:wooden_pickaxe":33,"roe_weapons:scythe_1":13,"minecraft:golden_hoe":21,"minecraft:crafting_table":5,"minecraft:stone_brick_wall":1,"minecraft:lever":1,"minecraft:bread":1,"minecraft:melon_slice":3,"minecraft:stone_axe":25,"minecraft:experience_bottle":3},"minecraft:crafted":{"minecraft:oak_planks":4,"minecraft:stone_brick_wall":1,"minecraft:iron_nugget":27,"minecraft:cooked_chicken":1,"minecraft:furnace":2,"minecraft:lever":1,"minecraft:bone_meal":3,"aquaculture:fish_fillet_raw":8,"sophisticatedbackpacks:copper_backpack":1,"aquaculture:double_hook":1,"minecraft:stone_pickaxe":1,"minecraft:wheat":18,"minecraft:crafting_table":2,"minecraft:wooden_pickaxe":1,"aquaculture:heavy_hook":1,"minecraft:copper_ingot":16,"minecraft:stone_axe":1,"minecraft:air":40,"minecraft:jungle_planks":13,"minecraft:white_wool":1,"minecraft:cobblestone":1,"minecraft:white_dye":1,"aquaculture:iron_hook":3,"minecraft:stick":8,"minecraft:wooden_axe":1,"aquaculture:iron_fishing_rod":1,"minecraft:torch":28},"minecraft:custom":{"minecraft:blood":0,"lootr:looted_stat":40,"minecraft:mob_kills":41,"minecraft:interact_with_crafting_table":18,"minecraft:damage_dealt_resisted":114,"minecraft:leave_game":1,"minecraft:time_since_death":154,"minecraft:climb_one_cm":3718,"minecraft:mana":110,"minecraft:magic_shield":7,"minecraft:sprint_one_cm":120885,"minecraft:walk_one_cm":252367,"minecraft:drop":34,"minecraft:health":218,"minecraft:play_time":108817,"minecraft:deaths":14,"minecraft:sneak_time":1257,"minecraft:walk_under_water_one_cm":1603,"minecraft:jump":590,"minecraft:energy":110,"minecraft:walk_on_water_one_cm":12296,"minecraft:total_world_time":108817,"minecraft:interact_with_furnace":16,"minecraft:interact_with_stonecutter":1,"minecraft:sleep_in_bed":4,"minecraft:levels_gained":7,"minecraft:time_since_rest":180,"minecraft:damage_taken":6309,"minecraft:damage_absorbed":534,"minecraft:damage_dealt":6378,"minecraft:swim_one_cm":1370,"minecraft:fly_one_cm":49758,"minecraft:crouch_one_cm":761,"waystones:waystone_activated":1,"minecraft:fish_caught":3,"minecraft:fall_one_cm":36783},"minecraft:picked_up":{"aquaculture:fishing_line":1,"minecraft:crafting_table":4,"illagerinvasion:platinum_chunk":1,"minecraft:chicken":1,"cte_essentials:plate_0_helmet":1,"roe_weapons:bow_2":2,"minecraft:raw_copper":77,"minecraft:experience_bottle":1,"minecraft:beef":4,"minecraft:melon_slice":71,"minecraft:sugar_cane":8,"mmorpg:gems/amethyst/0":1,"minecraft:raw_iron":8,"minecraft:stick":18,"mmorpg:material/mining/0":1,"minecraft:stone":1,"minecraft:torch":1,"aquaculture:driftwood":1,"born_in_chaos_v1:pileof_dark_metal":1,"minecraft:porkchop":1,"farmersdelight:tomato_seeds":36,"aquaculture:iron_fishing_rod":1,"minecraft:arrow":8,"minecraft:rotten_flesh":11,"minecraft:hay_block":2,"minecraft:glow_berries":3,"minecraft:mutton":9,"minecraft:cobblestone":39,"minecraft:cod":2,"minecraft:white_wool":7,"minecraft:feather":1,"aquaculture:tackle_box":1,"minecraft:jungle_log":7,"minecraft:leather":3,"minecraft:jungle_wood":5,"minecraft:oak_log":4,"minecraft:gunpowder":1,"projectvibrantjourneys:rocks":5,"farmersdelight:tomato":4,"minecraft:bone":3,"minecraft:iron_ingot":1,"aquaculture:bobber":1,"roe_weapons:hammer_0":4,"biomeswevegone:prickly_pear_cactus":1,"projectvibrantjourneys:light_brown_bark_mushroom":2,"aquaculture:worm":1,"born_in_chaos_v1:ethereal_spirit":2,"aquaculture:red_grouper":1,"minecraft:ink_sac":1,"minecraft:dead_bush":1,"minecraft:granite":5,"roe_weapons:dagger_2":4,"minecraft:emerald":1,"minecraft:black_wool":2,"minecraft:coal":25},"minecraft:broken":{"minecraft:golden_hoe":1,"cte_essentials:plate_0_helmet":1,"cte_essentials:plate_0_leggings":1,"cte_essentials:plate_0_chestplate":1},"minecraft:dropped":{"farmersdelight:tomato_seeds":21,"mmorpg:stat_soul":1,"mmorpg:skill_gems/support/str":1,"mmorpg:stone/0":19,"aquaculture:fishing_line":1,"minecraft:jungle_wood":1,"mmorpg:stone/1":5,"minecraft:copper_ingot":8,"aquaculture:worm":1,"minecraft:stick":4,"roe_weapons:tome_1":1,"minecraft:dead_bush":1,"minecraft:white_wool":2,"cte_essentials:plate_0_helmet":1,"mmorpg:potion/resource/1":3,"cte_essentials:plate_0_boots":1,"mmorpg:runes/ano":1,"minecraft:experience_bottle":1,"mmorpg:material/fishing/0":1,"aquaculture:bobber":1,"mmorpg:runes/xer":1,"mmorpg:gems/topaz/1":1,"cte_essentials:plate_2_helmet":1,"biomeswevegone:prickly_pear_cactus":1,"mmorpg:jewelry/necklace/iron":1,"roe_weapons:crossbow_0":1,"mmorpg:gems/ruby/0":1,"aquaculture:iron_fishing_rod":1,"minecraft:arrow":6,"mmorpg:stone/2":1,"mmorpg:gems/amethyst/0":1,"farmersdelight:tomato":2,"minecraft:black_wool":1}},"DataVersion":3465}