{"stats":{"minecraft:mined":{"minecraft:deepslate_diamond_ore":12,"minecraft:granite":12,"minecraft:spruce_fence":1,"minecraft:jungle_log":12,"minecraft:birch_slab":1,"minecraft:sandstone":16,"minecraft:sandstone_stairs":1,"minecraft:hay_block":11,"minecraft:furnace":2,"minecraft:cobbled_deepslate":18,"minecraft:iron_ore":31,"minecraft:fire":7,"projectvibrantjourneys:bark_mushroom":1,"minecraft:deepslate_iron_ore":6,"minecraft:smooth_sandstone_stairs":1,"minecraft:azalea_leaves":3,"minecraft:stone":61,"minecraft:cake":1,"minecraft:deepslate_redstone_ore":12,"minecraft:cut_sandstone":2,"minecraft:blackstone":13,"minecraft:smooth_sandstone":5,"minecraft:crafting_table":4,"minecraft:copper_ore":37,"minecraft:cobblestone":3,"minecraft:deepslate_coal_ore":2,"minecraft:deepslate_gold_ore":1,"minecraft:smooth_sandstone_slab":1,"minecraft:jungle_wood":4,"minecraft:oak_log":6,"minecraft:coal_ore":72,"minecraft:sand":14,"minecraft:sandstone_wall":2,"minecraft:cobweb":2,"minecraft:smooth_basalt":2,"pots_and_mimics:treasure_pot":5},"minecraft:killed":{"pots_and_mimics:pot_crab":1,"minecraft:spider":4,"born_in_chaos_v1:siamese_skeletonsright":1,"born_in_chaos_v1:zombie_bruiser":2,"monsterplus:crystal_zombie":1,"born_in_chaos_v1:maggot":7,"minecraft:skeleton":2,"monsterplus:glow_skeleton":3,"goblintraders:goblin_trader":1,"minecraft:husk":4,"minecraft:pig":2,"born_in_chaos_v1:spirit_guide_assistant":1,"minecraft:iron_golem":1,"minecraft:creeper":1,"born_in_chaos_v1:decrepit_skeleton":1,"minecraft:sheep":2,"born_in_chaos_v1:phantom_creeper_copy":1,"minecraft:pillager":5,"minecraft:zombie":8,"born_in_chaos_v1:dread_hound":1,"born_in_chaos_v1:corpse_fly":1,"minecraft:stray":1,"alexsmobs:fly":1,"minecraft:enderman":1,"minecraft:cow":4},"minecraft:picked_up":{"minecraft:crafting_table":4,"minecraft:ladder":3,"minecraft:enchanted_book":1,"paraglider:heart_container":1,"minecraft:string":5,"minecraft:raw_copper":132,"minecraft:blackstone":13,"minecraft:cobbled_deepslate":29,"minecraft:beef":9,"minecraft:furnace":2,"minecraft:stick":46,"minecraft:raw_iron":36,"minecraft:sandstone":11,"projectvibrantjourneys:bark_mushroom":5,"born_in_chaos_v1:phantom_powder":3,"minecraft:porkchop":3,"minecraft:spruce_fence":1,"minecraft:sandstone_wall":1,"born_in_chaos_v1:pieceofdarkmetal":2,"minecraft:carrot":2,"minecraft:redstone":54,"roe_weapons:gauntlet_0":1,"minecraft:arrow":4,"minecraft:rotten_flesh":28,"minecraft:beetroot_seeds":2,"minecraft:hay_block":15,"biomeswevegone:yucca_fruit":1,"minecraft:sandstone_stairs":1,"mmorpg:master_bag":1,"supplementaries:quiver":1,"supplementaries:ash":1,"minecraft:mutton":4,"minecraft:cobblestone":88,"born_in_chaos_v1:corpse_maggot":2,"minecraft:glow_ink_sac":1,"minecraft:jungle_log":11,"minecraft:leather":5,"minecraft:cut_sandstone":2,"minecraft:jungle_wood":4,"mmorpg:chest/common_gear":1,"minecraft:smooth_sandstone_stairs":1,"minecraft:oak_log":6,"projectvibrantjourneys:rocks":1,"minecraft:smooth_sandstone":3,"minecraft:bone":1,"ftbquests:book":2,"minecraft:glass_bottle":2,"minecraft:moss_block":1,"projectvibrantjourneys:light_brown_bark_mushroom":1,"minecraft:smooth_basalt":2,"minecraft:sand":7,"minecraft:spider_eye":3,"minecraft:leather_helmet":1,"minecraft:diamond":12,"minecraft:granite":1,"minecraft:emerald":4,"roe_weapons:kunai_0":3,"minecraft:coal":74,"minecraft:ender_pearl":1},"minecraft:dropped":{"minecraft:bread":4,"minecraft:porkchop":3,"mmorpg:skill_gems/support/str":1,"lightmanscurrency:coin_copper":5,"minecraft:glass_bottle":2,"mmorpg:skill_gems/support/dex":1,"roe_weapons:kunai_5":1,"minecraft:granite":1,"minecraft:jungle_planks":1,"minecraft:torch":1,"minecraft:mutton":4,"ftbquests:book":2,"projectvibrantjourneys:bark_mushroom":4,"minecraft:cobbled_deepslate":13,"minecraft:rotten_flesh":3,"mmorpg:jewelry/necklace/iron":1,"lightmanscurrency:coin_gold":1,"minecraft:hay_block":5,"minecraft:shield":1,"minecraft:spider_eye":1,"lightmanscurrency:coin_iron":20,"minecraft:beef":9,"minecraft:wooden_pickaxe":1},"minecraft:broken":{"cte_essentials:plate_0_helmet":2,"cte_essentials:plate_0_leggings":1,"cte_essentials:plate_0_chestplate":1,"cte_essentials:plate_0_boots":1},"minecraft:used":{"minecraft:moss_block":1,"minecraft:shield":14,"minecraft:zombie_spawn_egg":1,"roe_weapons:dagger_5":399,"gateways:gate_pearl":1,"minecraft:torch":69,"minecraft:skeleton_spawn_egg":1,"minecraft:jungle_planks":21,"roe_weapons:crossbow_2":8,"minecraft:wooden_axe":24,"cte_essentials:plate_0_chestplate":1,"minecraft:smooth_basalt":2,"roe_weapons:sword_2":13,"minecraft:hay_block":10,"minecraft:furnace":2,"minecraft:cobbled_deepslate":16,"projectvibrantjourneys:rocks":1,"minecraft:stone_pickaxe":69,"minecraft:oak_planks":6,"minecraft:blackstone":13,"minecraft:wooden_pickaxe":28,"minecraft:sandstone":3,"roe_weapons:scythe_2":290,"minecraft:golden_apple":1,"biomeswevegone:yucca_fruit":1,"minecraft:sand":3,"minecraft:crafting_table":4,"roe_weapons:spear_2":5,"minecraft:diamond_pickaxe":118,"minecraft:bread":13,"minecraft:iron_pickaxe":108,"minecraft:cobblestone":77,"minecraft:experience_bottle":1},"minecraft:custom":{"minecraft:blood":0,"lootr:looted_stat":79,"minecraft:mob_kills":58,"minecraft:interact_with_crafting_table":18,"goblintraders:trade_with_goblin":60,"minecraft:damage_dealt_resisted":1537,"minecraft:leave_game":4,"minecraft:time_since_death":7890,"minecraft:climb_one_cm":5930,"minecraft:damage_resisted":0,"minecraft:mana":120,"minecraft:magic_shield":0,"minecraft:sprint_one_cm":327031,"minecraft:walk_one_cm":678822,"minecraft:damage_blocked_by_shield":270,"minecraft:drop":41,"minecraft:health":294,"minecraft:play_time":259827,"minecraft:deaths":9,"minecraft:sneak_time":15006,"minecraft:walk_under_water_one_cm":7886,"minecraft:interact_with_lectern":5,"minecraft:jump":2196,"minecraft:energy":120,"minecraft:walk_on_water_one_cm":37153,"minecraft:total_world_time":259827,"minecraft:interact_with_furnace":9,"minecraft:sleep_in_bed":4,"minecraft:levels_gained":8,"minecraft:time_since_rest":7937,"minecraft:damage_taken":11337,"minecraft:damage_absorbed":3988,"minecraft:trigger_trapped_chest":1,"minecraft:damage_dealt":10449,"minecraft:swim_one_cm":245,"minecraft:fly_one_cm":252836,"minecraft:open_chest":5,"minecraft:crouch_one_cm":23256,"waystones:waystone_activated":1,"minecraft:fall_one_cm":66367},"minecraft:killed_by":{"minecraft:player":3,"minecraft:spider":1,"monsterplus:glow_skeleton":2,"minecraft:skeleton":1,"born_in_chaos_v1:dread_hound":1,"born_in_chaos_v1:maggot":1},"minecraft:crafted":{"mmorpg:stone/1":13,"minecraft:oak_planks":7,"mmorpg:stone/2":3,"minecraft:furnace":1,"sophisticatedbackpacks:copper_backpack":1,"minecraft:stone_pickaxe":1,"minecraft:crafting_table":1,"minecraft:wooden_pickaxe":1,"minecraft:copper_ingot":132,"minecraft:air":316,"minecraft:jungle_planks":15,"minecraft:diamond_pickaxe":1,"minecraft:stick":20,"minecraft:iron_ingot":6,"minecraft:iron_pickaxe":1,"minecraft:wooden_axe":1,"minecraft:torch":42}},"DataVersion":3465}