{"stats":{"minecraft:killed":{"minecraft:sheep":2,"minecraft:skeleton":1,"minecraft:zombie":1,"minecraft:pig":2,"born_in_chaos_v1:zombie_bruiser":1,"minecraft:cow":1},"minecraft:killed_by":{"born_in_chaos_v1:dread_hound":1,"minecraft:skeleton":1},"minecraft:used":{"minecraft:wooden_axe":8,"roe_weapons:spear_2":5,"minecraft:bread":2,"cte_essentials:plate_0_chestplate":1,"minecraft:zombie_spawn_egg":1,"roe_weapons:dagger_5":6,"minecraft:skeleton_spawn_egg":1,"roe_weapons:sword_2":13,"minecraft:crafting_table":1,"minecraft:jungle_planks":21},"minecraft:mined":{"minecraft:hay_block":5,"minecraft:jungle_wood":4,"minecraft:crafting_table":1,"minecraft:jungle_log":7,"minecraft:sand":4,"minecraft:azalea_leaves":1},"minecraft:crafted":{"minecraft:crafting_table":1,"minecraft:stick":8,"minecraft:wooden_pickaxe":1,"minecraft:wooden_axe":1,"minecraft:air":44,"minecraft:jungle_planks":11},"minecraft:custom":{"minecraft:time_since_rest":39749,"minecraft:blood":0,"minecraft:magic_shield":23,"lootr:looted_stat":44,"minecraft:sprint_one_cm":85113,"minecraft:damage_absorbed":1599,"minecraft:damage_taken":1402,"minecraft:walk_one_cm":115509,"minecraft:mob_kills":8,"minecraft:drop":2,"minecraft:damage_dealt":1416,"minecraft:health":274,"minecraft:interact_with_crafting_table":1,"minecraft:fly_one_cm":54693,"minecraft:open_chest":2,"waystones:waystone_activated":1,"minecraft:play_time":66891,"minecraft:deaths":2,"minecraft:walk_under_water_one_cm":47,"minecraft:jump":421,"minecraft:energy":106,"minecraft:leave_game":1,"minecraft:time_since_death":40270,"minecraft:walk_on_water_one_cm":1149,"minecraft:sleep_in_bed":1,"minecraft:total_world_time":66891,"minecraft:climb_one_cm":2119,"minecraft:levels_gained":6,"minecraft:fall_one_cm":17339,"minecraft:mana":93},"minecraft:picked_up":{"minecraft:crafting_table":1,"projectvibrantjourneys:light_brown_bark_mushroom":1,"minecraft:jungle_log":7,"minecraft:leather":2,"minecraft:jungle_wood":4,"minecraft:porkchop":3,"minecraft:sand":4,"paraglider:heart_container":1,"born_in_chaos_v1:pieceofdarkmetal":2,"roe_weapons:gauntlet_0":1,"minecraft:rotten_flesh":1,"minecraft:beetroot_seeds":2,"minecraft:hay_block":5,"ftbquests:book":2,"minecraft:beef":3,"mmorpg:master_bag":1,"roe_weapons:kunai_0":3,"supplementaries:ash":1,"minecraft:mutton":2},"minecraft:dropped":{"ftbquests:book":2},"minecraft:broken":{"cte_essentials:plate_0_boots":1,"cte_essentials:plate_0_helmet":1}},"DataVersion":3465}