{"stats":{"minecraft:killed":{"minecraft:skeleton":1,"minecraft:husk":1,"minecraft:zombie":3,"alexsmobs:hammerhead_shark":1},"minecraft:killed_by":{"minecraft:skeleton":1,"minecraft:zombie":1},"minecraft:mined":{"minecraft:carrots":1,"minecraft:oak_log":3,"minecraft:cave_vines":1,"minecraft:white_stained_glass":2,"minecraft:sand":9,"pots_and_mimics:treasure_pot":1},"minecraft:used":{"minecraft:oak_log":1,"aquaculture:iron_fishing_rod":2,"roe_weapons:staff_2":6,"minecraft:bread":2,"roe_weapons:scythe_5":6,"minecraft:zombie_spawn_egg":1,"roe_weapons:dagger_5":51,"minecraft:sand":3,"minecraft:crafting_table":1,"minecraft:carrot":1},"minecraft:crafted":{"minecraft:oak_planks":2,"minecraft:crafting_table":1,"minecraft:stick":8,"minecraft:iron_pickaxe":1,"minecraft:air":8},"minecraft:custom":{"minecraft:time_since_rest":24761,"minecraft:blood":0,"minecraft:magic_shield":67,"minecraft:interact_with_furnace":2,"lootr:looted_stat":46,"minecraft:sprint_one_cm":118802,"minecraft:damage_absorbed":151,"minecraft:damage_taken":1491,"minecraft:walk_one_cm":166439,"minecraft:mob_kills":7,"minecraft:drop":5,"minecraft:damage_dealt":1578,"minecraft:health":203,"minecraft:interact_with_crafting_table":4,"minecraft:fly_one_cm":37656,"minecraft:crouch_one_cm":215,"waystones:waystone_activated":1,"minecraft:play_time":74833,"minecraft:deaths":2,"minecraft:sneak_time":172,"minecraft:walk_under_water_one_cm":794,"minecraft:jump":422,"minecraft:energy":110,"minecraft:leave_game":7,"minecraft:time_since_death":49512,"minecraft:walk_on_water_one_cm":2868,"minecraft:sleep_in_bed":3,"minecraft:total_world_time":74833,"minecraft:climb_one_cm":3990,"minecraft:damage_resisted":0,"minecraft:fall_one_cm":20504,"minecraft:levels_gained":7,"minecraft:mana":119},"minecraft:picked_up":{"minecraft:wheat":49,"mmorpg:material/farming/0":8,"cte_essentials:plate_0_boots":5,"minecraft:potato":62,"minecraft:enchanted_book":1,"minecraft:sand":11,"minecraft:oak_log":3,"paraglider:heart_container":1,"minecraft:carrot":84,"aquaculture:iron_fishing_rod":1,"roe_weapons:tome_1":1,"minecraft:rotten_flesh":4,"minecraft:arrow":1,"minecraft:bone":1,"minecraft:beetroot":20,"minecraft:beetroot_seeds":33,"minecraft:wheat_seeds":93,"mmorpg:runes/xer":1,"mmorpg:master_bag":1,"roe_weapons:dagger_2":2,"minecraft:glow_berries":1,"mmorpg:gems/amethyst/0":1},"minecraft:dropped":{"aquaculture:iron_fishing_rod":1,"mmorpg:material/mining/0":1,"mmorpg:gems/amethyst/0":1,"roe_weapons:hammer_0":1,"roe_weapons:dagger_5":1}},"DataVersion":3465}