{"stats":{"minecraft:mined":{"minecraft:red_carpet":1,"minecraft:large_amethyst_bud":1,"minecraft:deepslate_diamond_ore":14,"minecraft:spruce_trapdoor":1,"minecraft:granite":1,"minecraft:budding_amethyst":5,"minecraft:white_stained_glass":2,"minecraft:moss_block":5,"minecraft:magma_block":1,"minecraft:redstone_ore":1,"minecraft:carrots":1,"minecraft:iron_ore":19,"minecraft:fire":1,"minecraft:stripped_spruce_log":2,"minecraft:deepslate_lapis_ore":9,"minecraft:cave_vines":1,"minecraft:deepslate_iron_ore":11,"minecraft:azalea_leaves":1,"minecraft:stone":73,"minecraft:sandstone_slab":1,"minecraft:deepslate_redstone_ore":17,"minecraft:calcite":64,"minecraft:lightning_rod":2,"minecraft:cobblestone":18,"minecraft:deepslate_coal_ore":31,"minecraft:deepslate_gold_ore":4,"minecraft:lapis_ore":2,"minecraft:amethyst_block":98,"minecraft:coarse_dirt":1,"minecraft:tnt":4,"minecraft:oak_log":3,"minecraft:coal_ore":30,"minecraft:sand":11,"minecraft:sandstone_wall":2,"minecraft:cobweb":1,"minecraft:gold_ore":1,"pots_and_mimics:treasure_pot":5,"minecraft:deepslate":104},"minecraft:killed":{"minecraft:cave_spider":1,"born_in_chaos_v1:restless_spirit":1,"minecraft:spider":5,"minecraft:vindicator":3,"born_in_chaos_v1:maggot":5,"born_in_chaos_v1:baby_spider":1,"minecraft:skeleton":8,"monsterplus:glow_skeleton":1,"born_in_chaos_v1:skeleton_thrasher":1,"alexsmobs:hammerhead_shark":1,"goblintraders:goblin_trader":1,"born_in_chaos_v1:spiritof_chaos":1,"minecraft:husk":8,"alexsmobs:guster":3,"minecraft:zombie_villager":2,"riskofrain_mobs:lemurian_entity":1,"born_in_chaos_v1:spirit_guide_assistant":2,"minecraft:bat":1,"mutantmonsters:mutant_skeleton":1,"born_in_chaos_v1:decrepit_skeleton":1,"born_in_chaos_v1:phantom_creeper_copy":1,"minecraft:pillager":14,"born_in_chaos_v1:decaying_zombie":2,"minecraft:zombie":23,"born_in_chaos_v1:dread_hound":2,"born_in_chaos_v1:corpse_fly":1,"pots_and_mimics:poison_pot_crab":1,"minecraft:stray":2,"born_in_chaos_v1:door_knight":1,"born_in_chaos_v1:siamese_skeletonsleft":1},"minecraft:picked_up":{"minecraft:fishing_rod":1,"minecraft:wheat":49,"minecraft:coarse_dirt":2,"mmorpg:material/farming/0":8,"minecraft:sandstone_slab":2,"illagerinvasion:platinum_chunk":5,"born_in_chaos_v1:seedof_chaos":1,"roe_weapons:crossbow_0":1,"minecraft:enchanted_book":2,"paraglider:heart_container":1,"minecraft:amethyst_block":98,"minecraft:string":3,"minecraft:moss_carpet":1,"minecraft:raw_copper":3,"minecraft:beetroot":20,"minecraft:cobbled_deepslate":105,"mmorpg:runes/xer":1,"minecraft:beef":6,"minecraft:calcite":32,"mmorpg:gems/amethyst/0":1,"minecraft:spruce_trapdoor":1,"minecraft:tipped_arrow":1,"minecraft:raw_iron":23,"minecraft:sandstone":2,"projectvibrantjourneys:bark_mushroom":1,"minecraft:torch":2,"minecraft:sandstone_wall":1,"minecraft:lightning_rod":2,"born_in_chaos_v1:pieceofdarkmetal":1,"minecraft:carrot":84,"minecraft:redstone":80,"aquaculture:iron_fishing_rod":1,"cte_essentials:plate_0_leggings":1,"minecraft:tnt":4,"minecraft:arrow":7,"minecraft:rotten_flesh":17,"minecraft:beetroot_seeds":33,"mmorpg:master_bag":1,"minecraft:glow_berries":1,"minecraft:cobblestone":96,"born_in_chaos_v1:fused_bone":2,"born_in_chaos_v1:corpse_maggot":4,"minecraft:magma_block":1,"minecraft:air":0,"born_in_chaos_v1:monster_flesh":1,"minecraft:glow_ink_sac":1,"minecraft:potato":62,"minecraft:oak_log":3,"roe_weapons:tome_1":1,"minecraft:lapis_lazuli":67,"minecraft:white_banner":2,"minecraft:bone":12,"minecraft:apple":1,"minecraft:wheat_seeds":93,"minecraft:raw_gold":8,"minecraft:glowstone_dust":1,"minecraft:moss_block":9,"minecraft:brush":2,"cte_essentials:plate_0_boots":5,"born_in_chaos_v1:ethereal_spirit":1,"minecraft:sand":15,"minecraft:amethyst_shard":2,"minecraft:stripped_spruce_log":2,"minecraft:spectral_arrow":1,"minecraft:diamond":14,"minecraft:crossbow":1,"minecraft:granite":1,"roe_weapons:dagger_2":2,"minecraft:emerald":7,"alexsmobs:maggot":2,"minecraft:coal":62},"minecraft:dropped":{"minecraft:cobblestone":34,"roe_weapons:hammer_0":1,"roe_weapons:dagger_5":1,"minecraft:torch":1,"minecraft:sand":2,"minecraft:moss_carpet":1,"minecraft:cobbled_deepslate":12,"minecraft:rotten_flesh":3,"minecraft:oak_planks":1,"mmorpg:material/mining/0":1,"roe_weapons:gauntlet_0":4,"minecraft:spruce_trapdoor":1,"aquaculture:iron_fishing_rod":1,"minecraft:sandstone":2,"mmorpg:gems/amethyst/0":1,"minecraft:magma_block":1},"minecraft:broken":{"cte_essentials:cloth_1_leggings":1,"cte_essentials:cloth_1_chestplate":1},"minecraft:used":{"minecraft:moss_block":9,"minecraft:zombie_spawn_egg":1,"roe_weapons:dagger_5":257,"minecraft:torch":84,"minecraft:carrot":1,"aquaculture:iron_fishing_rod":2,"minecraft:cobbled_deepslate":92,"roe_weapons:scythe_5":6,"minecraft:sand":3,"minecraft:crafting_table":2,"minecraft:oak_log":1,"minecraft:diamond_pickaxe":351,"roe_weapons:staff_2":17,"minecraft:bread":7,"minecraft:iron_pickaxe":165,"minecraft:cobblestone":72,"minecraft:coarse_dirt":2},"minecraft:custom":{"minecraft:blood":0,"lootr:looted_stat":68,"minecraft:mob_kills":100,"minecraft:interact_with_crafting_table":9,"minecraft:damage_dealt_resisted":258,"minecraft:leave_game":16,"minecraft:time_since_death":5024,"minecraft:climb_one_cm":4564,"minecraft:damage_resisted":0,"minecraft:mana":134,"minecraft:magic_shield":41,"minecraft:sprint_one_cm":305026,"minecraft:walk_one_cm":511168,"minecraft:drop":66,"minecraft:health":243,"minecraft:play_time":195972,"minecraft:deaths":13,"minecraft:sneak_time":4140,"minecraft:walk_under_water_one_cm":5787,"minecraft:jump":1404,"minecraft:energy":130,"minecraft:walk_on_water_one_cm":38123,"minecraft:total_world_time":195972,"minecraft:interact_with_furnace":2,"minecraft:interact_with_cartography_table":1,"minecraft:sleep_in_bed":5,"minecraft:levels_gained":9,"minecraft:time_since_rest":5053,"minecraft:damage_taken":8987,"minecraft:damage_absorbed":2005,"minecraft:trigger_trapped_chest":2,"minecraft:damage_dealt":4550,"minecraft:swim_one_cm":14238,"minecraft:fly_one_cm":131978,"minecraft:player_kills":3,"minecraft:open_chest":2,"minecraft:crouch_one_cm":6162,"waystones:waystone_activated":1,"minecraft:fall_one_cm":59221},"minecraft:killed_by":{"minecraft:husk":1,"minecraft:pillager":1,"born_in_chaos_v1:baby_skeleton":1,"monsterplus:glow_skeleton":1,"minecraft:skeleton":2,"born_in_chaos_v1:siamese_skeletons":1,"minecraft:zombie":2,"born_in_chaos_v1:spirit_guide_assistant":1,"born_in_chaos_v1:door_knight":1,"born_in_chaos_v1:dread_hound":1},"minecraft:crafted":{"minecraft:oak_planks":6,"minecraft:diamond_axe":1,"minecraft:crafting_table":2,"minecraft:spruce_planks":8,"sophisticatedbackpacks:gold_backpack":1,"minecraft:air":40,"minecraft:diamond_pickaxe":1,"minecraft:stick":24,"minecraft:iron_pickaxe":1,"minecraft:torch":8}},"DataVersion":3465}